variable,min,q25,median,mean,q75,max,std
access_diff,-3,0.0,0.0,0.6674954792043399,1.0,8,1.3892033746928851
gini_diff_exp,-0.14515745204379837,-0.002389061342313141,0.00492396703804375,0.009280105876276675,0.016945977976961107,0.18508340396835204,0.021369815799399686
gini_diff_house,-0.17120000000000002,-0.0005000000000000004,0.012149999999999994,0.013468105786618447,0.026599999999999985,0.2223,0.02862814881024822
walk_sum,1,8.0,9.0,8.160714285714286,9.0,9,1.5324312379928775
gini_walk15,-4.667846313057011e-17,0.12177522869994414,0.13352252483220117,0.14966621307752678,0.17036232751288988,0.2636589635285065,0.042716273843713216
area_difference,-1.87,1.2387499999999996,2.5445,2.8015250904159132,4.0045,16.217,2.1965041128361906
ellipticity,0.0032,0.4059,0.5487,0.5444256555153707,0.6864250000000001,0.991,0.19486710031921414
distance_betweenness,0.032,4.48375,6.8845,7.193318716094032,9.549,19.528,3.6893132976642793
